{
  "images" : [
    {
      "scale" : "1x",
      "size" : "40x40",
      "filename" : "Icon-40.png",
      "idiom" : "ipad"
    },
    {
      "idiom" : "ipad",
      "size" : "40x40",
      "filename" : "Icon-40@2x.png",
      "scale" : "2x"
    },
    {
      "filename" : "Icon-60@2x.png",
      "size" : "60x60",
      "idiom" : "iphone",
      "scale" : "2x"
    },
    {
      "filename" : "Icon-72.png",
      "scale" : "1x",
      "size" : "72x72",
      "idiom" : "ipad"
    },
    {
      "idiom" : "ipad",
      "size" : "72x72",
      "filename" : "Icon-72@2x.png",
      "scale" : "2x"
    },
    {
      "idiom" : "ipad",
      "filename" : "Icon-76.png",
      "size" : "76x76",
      "scale" : "1x"
    },
    {
      "scale" : "2x",
      "idiom" : "ipad",
      "size" : "76x76",
      "filename" : "Icon-76@2x.png"
    },
    {
      "filename" : "Icon-Small-50.png",
      "idiom" : "ipad",
      "scale" : "1x",
      "size" : "50x50"
    },
    {
      "filename" : "Icon-Small-50@2x.png",
      "scale" : "2x",
      "size" : "50x50",
      "idiom" : "ipad"
    },
    {
      "size" : "29x29",
      "scale" : "1x",
      "filename" : "Icon-Small.png",
      "idiom" : "iphone"
    },
    {
      "scale" : "2x",
      "filename" : "Icon-Small@2x.png",
      "size" : "29x29",
      "idiom" : "iphone"
    },
    {
      "filename" : "Icon.png",
      "size" : "57x57",
      "scale" : "1x",
      "idiom" : "iphone"
    },
    {
      "size" : "57x57",
      "scale" : "2x",
      "filename" : "Icon@2x.png",
      "idiom" : "iphone"
    },
    {
      "scale" : "3x",
      "filename" : "Icon-Small@3x.png",
      "size" : "29x29",
      "idiom" : "iphone"
    },
    {
      "size" : "40x40",
      "filename" : "Icon-40@3x.png",
      "scale" : "3x",
      "idiom" : "iphone"
    },
    {
      "filename" : "Icon-60@3x.png",
      "scale" : "3x",
      "idiom" : "iphone",
      "size" : "60x60"
    },
    {
      "filename" : "Icon-40@2x.png",
      "size" : "40x40",
      "scale" : "2x",
      "idiom" : "iphone"
    },
    {
      "idiom" : "ipad",
      "size" : "29x29",
      "filename" : "Icon-Small.png",
      "scale" : "1x"
    },
    {
      "scale" : "2x",
      "size" : "29x29",
      "filename" : "Icon-Small@2x.png",
      "idiom" : "ipad"
    },
    {
      "filename" : "Icon-83.5@2x.png",
      "idiom" : "ipad",
      "size" : "83.5x83.5",
      "scale" : "2x"
    },
    {
      "scale" : "2x",
      "idiom" : "iphone",
      "filename" : "NotificationIcon@2x.png",
      "size" : "20x20"
    },
    {
      "idiom" : "iphone",
      "size" : "20x20",
      "filename" : "NotificationIcon@3x.png",
      "scale" : "3x"
    },
    {
      "size" : "20x20",
      "filename" : "NotificationIcon~ipad.png",
      "scale" : "1x",
      "idiom" : "ipad"
    },
    {
      "size" : "20x20",
      "scale" : "2x",
      "idiom" : "ipad",
      "filename" : "NotificationIcon~ipad@2x.png"
    },
    {
      "scale" : "1x",
      "idiom" : "ios-marketing",
      "filename" : "ios-marketing.png",
      "size" : "1024x1024"
    }
  ],
  "info" : {
    "version" : 1,
    "author" : "xcode"
  }
}